lsdConc,mathScore
1.122807018,79.37608319
2.807017544,58.14558059
3.122807018,67.60831889
4.538011696,37.76429809
5.637426901,45.04332756
5.707602339,32.54766031
6.222222222,29.27209705
